{"url":"https:\/\/oauth.bitrix.info\/oauth\/token\/","info":{"url":"https:\/\/oauth.bitrix.info\/oauth\/token\/","content_type":"application\/json","http_code":200,"header_size":490,"request_size":285,"filetime":-1,"ssl_verify_result":0,"redirect_count":0,"total_time":1.056942999999999965865526974084787070751190185546875,"namelookup_time":3.3000000000000002530094189712173147199791856110095977783203125e-5,"connect_time":0.2226390000000000035651481766763026826083660125732421875,"pretransfer_time":0.6447350000000000580513415116001851856708526611328125,"size_upload":109,"size_download":24,"speed_download":22,"speed_upload":103,"download_content_length":-1,"upload_content_length":109,"starttransfer_time":1.056925000000000114397380457376129925251007080078125,"redirect_time":0,"redirect_url":"","primary_ip":"18.201.1.1","certinfo":[],"primary_port":443,"local_ip":"192.168.1.77","local_port":46076,"http_version":2,"protocol":2,"ssl_verifyresult":0,"scheme":"HTTPS"},"params":{"this_auth":"Y","params":{"client_id":null,"grant_type":"refresh_token","client_secret":null,"refresh_token":"76f41d670071b455006b225d0000004c2823079653c21698300c9f0961d02946a1c145"}},"result":{"error":"wrong_client"}}