{"url":"https:\/\/dealexpertsrealestate.bitrix24.com\/rest\/user.get.json","info":{"url":"https:\/\/dealexpertsrealestate.bitrix24.com\/rest\/user.get.json","content_type":"application\/json; charset=utf-8","http_code":401,"header_size":706,"request_size":279,"filetime":-1,"ssl_verify_result":0,"redirect_count":0,"total_time":0.5108610000000000095354835139005444943904876708984375,"namelookup_time":3.000000000000000076002572291233860823922441340982913970947265625e-5,"connect_time":0.05295199999999999906918901615426875650882720947265625,"pretransfer_time":0.1334639999999999993018917621157015673816204071044921875,"size_upload":81,"size_download":86,"speed_download":168,"speed_upload":158,"download_content_length":-1,"upload_content_length":81,"starttransfer_time":0.5108399999999999607780409860424697399139404296875,"redirect_time":0,"redirect_url":"","primary_ip":"18.140.166.245","certinfo":[],"primary_port":443,"local_ip":"192.168.1.77","local_port":40560,"http_version":2,"protocol":2,"ssl_verifyresult":0,"scheme":"HTTPS"},"params":{"method":"user.get","params":{"ID":14,"auth":"8675f6660071b455006b225d0000004c2823072b376cd02bf399deb4b59e91fa466193"}},"result":{"error":"expired_token","error_description":"The access token provided has expired.","error_information":"expired token, cant get new auth? Check access oauth server."}}