{"url":"https:\/\/oauth.bitrix.info\/oauth\/token\/","info":{"url":"https:\/\/oauth.bitrix.info\/oauth\/token\/","content_type":"application\/json","http_code":200,"header_size":490,"request_size":285,"filetime":-1,"ssl_verify_result":0,"redirect_count":0,"total_time":1.0074669999999998903916775816469453275203704833984375,"namelookup_time":3.4999999999999996933876256210993460626923479139804840087890625e-5,"connect_time":0.3033799999999999830180286153336055576801300048828125,"pretransfer_time":0.81549199999999999466382405444164760410785675048828125,"size_upload":109,"size_download":24,"speed_download":23,"speed_upload":108,"download_content_length":-1,"upload_content_length":109,"starttransfer_time":1.0074430000000000884341488927020691335201263427734375,"redirect_time":0,"redirect_url":"","primary_ip":"18.201.1.1","certinfo":[],"primary_port":443,"local_ip":"192.168.1.77","local_port":37502,"http_version":2,"protocol":2,"ssl_verifyresult":0,"scheme":"HTTPS"},"params":{"this_auth":"Y","params":{"client_id":null,"grant_type":"refresh_token","client_secret":null,"refresh_token":"76f41d670071b455006b225d0000004c2823079653c21698300c9f0961d02946a1c145"}},"result":{"error":"wrong_client"}}