{"url":"https:\/\/oauth.bitrix.info\/oauth\/token\/","info":{"url":"https:\/\/oauth.bitrix.info\/oauth\/token\/","content_type":"application\/json","http_code":200,"header_size":490,"request_size":285,"filetime":-1,"ssl_verify_result":0,"redirect_count":0,"total_time":0.976752999999999982350118443719111382961273193359375,"namelookup_time":0.0191610000000000009479084184249586542136967182159423828125,"connect_time":0.291991999999999973791631191488704644143581390380859375,"pretransfer_time":0.76924100000000006360778570524416863918304443359375,"size_upload":109,"size_download":24,"speed_download":24,"speed_upload":111,"download_content_length":-1,"upload_content_length":109,"starttransfer_time":0.976733999999999991104004948283545672893524169921875,"redirect_time":0,"redirect_url":"","primary_ip":"18.201.1.1","certinfo":[],"primary_port":443,"local_ip":"192.168.1.77","local_port":45030,"http_version":2,"protocol":2,"ssl_verifyresult":0,"scheme":"HTTPS"},"params":{"this_auth":"Y","params":{"client_id":null,"grant_type":"refresh_token","client_secret":null,"refresh_token":"76f41d670071b455006b225d0000004c2823079653c21698300c9f0961d02946a1c145"}},"result":{"error":"wrong_client"}}