{"url":"https:\/\/oauth.bitrix.info\/oauth\/token\/","info":{"url":"https:\/\/oauth.bitrix.info\/oauth\/token\/","content_type":"application\/json","http_code":200,"header_size":490,"request_size":285,"filetime":-1,"ssl_verify_result":0,"redirect_count":0,"total_time":0.9453240000000000531343857801402918994426727294921875,"namelookup_time":3.10000000000000013500485451789501212260802276432514190673828125e-5,"connect_time":0.2284859999999999946584949839234468527138233184814453125,"pretransfer_time":0.7405120000000000590745230510947294533252716064453125,"size_upload":109,"size_download":24,"speed_download":25,"speed_upload":115,"download_content_length":-1,"upload_content_length":109,"starttransfer_time":0.94527700000000003388578306839917786419391632080078125,"redirect_time":0,"redirect_url":"","primary_ip":"18.201.1.1","certinfo":[],"primary_port":443,"local_ip":"192.168.1.77","local_port":45046,"http_version":2,"protocol":2,"ssl_verifyresult":0,"scheme":"HTTPS"},"params":{"this_auth":"Y","params":{"client_id":null,"grant_type":"refresh_token","client_secret":null,"refresh_token":"76f41d670071b455006b225d0000004c2823079653c21698300c9f0961d02946a1c145"}},"result":{"error":"wrong_client"}}