{"url":"https:\/\/oauth.bitrix.info\/oauth\/token\/","info":{"url":"https:\/\/oauth.bitrix.info\/oauth\/token\/","content_type":"application\/json","http_code":200,"header_size":490,"request_size":285,"filetime":-1,"ssl_verify_result":0,"redirect_count":0,"total_time":0.87879600000000002157918288503424264490604400634765625,"namelookup_time":0.045019999999999997519761762987400288693606853485107421875,"connect_time":0.2201829999999999898374625217911670915782451629638671875,"pretransfer_time":0.65679700000000007520384315284900367259979248046875,"size_upload":109,"size_download":24,"speed_download":27,"speed_upload":124,"download_content_length":-1,"upload_content_length":109,"starttransfer_time":0.878765000000000018332002582610584795475006103515625,"redirect_time":0,"redirect_url":"","primary_ip":"18.201.1.1","certinfo":[],"primary_port":443,"local_ip":"192.168.1.77","local_port":37488,"http_version":2,"protocol":2,"ssl_verifyresult":0,"scheme":"HTTPS"},"params":{"this_auth":"Y","params":{"client_id":null,"grant_type":"refresh_token","client_secret":null,"refresh_token":"76f41d670071b455006b225d0000004c2823079653c21698300c9f0961d02946a1c145"}},"result":{"error":"wrong_client"}}