{"url":"https:\/\/dealexpertsrealestate.bitrix24.com\/rest\/user.get.json","info":{"url":"https:\/\/dealexpertsrealestate.bitrix24.com\/rest\/user.get.json","content_type":"application\/json; charset=utf-8","http_code":401,"header_size":706,"request_size":279,"filetime":-1,"ssl_verify_result":0,"redirect_count":0,"total_time":0.68472999999999994980015571854892186820507049560546875,"namelookup_time":4.19999999999999976759042230600726952616241760551929473876953125e-5,"connect_time":0.175175999999999998379962562466971576213836669921875,"pretransfer_time":0.2501970000000000027284841053187847137451171875,"size_upload":81,"size_download":86,"speed_download":125,"speed_upload":118,"download_content_length":-1,"upload_content_length":81,"starttransfer_time":0.68470500000000000806466005087713710963726043701171875,"redirect_time":0,"redirect_url":"","primary_ip":"18.140.166.245","certinfo":[],"primary_port":443,"local_ip":"192.168.1.77","local_port":41336,"http_version":2,"protocol":2,"ssl_verifyresult":0,"scheme":"HTTPS"},"params":{"method":"user.get","params":{"ID":14,"auth":"8675f6660071b455006b225d0000004c2823072b376cd02bf399deb4b59e91fa466193"}},"result":{"error":"expired_token","error_description":"The access token provided has expired.","error_information":"expired token, cant get new auth? Check access oauth server."}}