{"url":"https:\/\/oauth.bitrix.info\/oauth\/token\/","info":{"url":"https:\/\/oauth.bitrix.info\/oauth\/token\/","content_type":"application\/json","http_code":200,"header_size":490,"request_size":285,"filetime":-1,"ssl_verify_result":0,"redirect_count":0,"total_time":0.995962000000000013955059330328367650508880615234375,"namelookup_time":0.07632799999999999307487286159812356345355510711669921875,"connect_time":0.27790199999999998237143472579191438853740692138671875,"pretransfer_time":0.78826600000000002221867134721833281219005584716796875,"size_upload":109,"size_download":24,"speed_download":24,"speed_upload":109,"download_content_length":-1,"upload_content_length":109,"starttransfer_time":0.9959409999999999651976168024702928960323333740234375,"redirect_time":0,"redirect_url":"","primary_ip":"18.201.1.1","certinfo":[],"primary_port":443,"local_ip":"192.168.1.77","local_port":46074,"http_version":2,"protocol":2,"ssl_verifyresult":0,"scheme":"HTTPS"},"params":{"this_auth":"Y","params":{"client_id":null,"grant_type":"refresh_token","client_secret":null,"refresh_token":"76f41d670071b455006b225d0000004c2823079653c21698300c9f0961d02946a1c145"}},"result":{"error":"wrong_client"}}